,Названия,Цена,Наличии,country,data 
1,Ультрабук Acer Swift 1 SF114-32-C6XS (NX.GXVER.001) Sparkly Silver,100000,Есть в наличии,United Kingdom,2/2/2021
2,Ноутбук Lenovo Ideapad S145-15IIL (81W800KNRK),43990,Есть в наличии,Brazil,28/1/2021
3,Ультрабук Lenovo IdeaPad 5 14IIL05 (81YH00KERK),59990,Есть в наличии,Colombia,6/2/2021
4,Ноутбук Acer Nitro 5 AN515-44 R585SGN (NH.Q9HER.007),85990,Есть в наличии,China,9/1/2021
5,Ноутбук Acer Swift 1 SF114-32 Silver (NX.GXUER.00B),47990,Есть в наличии,Indonesia,12/1/2021
6,Ноутбук Lenovo Legion Y720 (80VR001URK),143590,Товар на витрине,Sweden,2/1/2021
7,Ноутбук Asus TUF Gaming FX506L (90NR03T2-M01550),77990,Есть в наличии,France,21/1/2021
8,Ноутбук Acer Nitro 5 AN515-44 R5165SGN (NH.Q9HER.00L),83990,Товар на витрине,China,28/1/2021
9,Ультрабук Acer Swift 3 SF314-41G R382SMW (NX.HFGER.002),61990,Есть в наличии,Sweden,2/1/2021
10,Ультрабук Acer Swift 1 SF114-33 P42SUW Silver (NX.HYSER.002),47990,Есть в наличии,Russia,15/1/2021
11,Ноутбук Acer Aspire 3 A315-22 A441TUN (NX.HE8ER.02G),31990,Есть в наличии,Colombia,15/1/2021
12,Ноутбук Lenovo IdeaPad 3 I381TMW (81WE00Q7RK),53990,Есть в наличии,Kosovo,6/1/2021
13,Ноутбук Acer ConceptD 5 CN515-71-79QG (NX.C4VER.004),131990,Товар на витрине,Poland,11/2/2021
14,Ноутбук Acer Swift 3 SF114-33 Silver (NX.HYSER.001),45990,Товар на витрине,Argentina,26/1/2021
15,Ноутбук Lenovo V14-IGL (82C2000YRU),31990,Есть в наличии,China,11/1/2021
16,Ультрабук Dell Inspiron 5401 I585SMN 210-AVOM-A4,68990,Товар на витрине,Norway,16/2/2021
17,Ультрабук Lenovo IdeaPad 5 14IIL05 (81YH00NYRK),59990,Есть в наличии,Argentina,19/1/2021
18,Ультрабук Acer Swift 1 SF114-33 P41SUW (NX.HYNER.001),45990,Товар на витрине,Ethiopia,9/1/2021
19,Ноутбук Acer ConceptD 3 CN315-71-52E1 (NX.C57ER.002),99990,Товар на витрине,China,22/1/2021
20,Ультрабук Acer Swift 1 SF114-32 (NX.GXUER.00E),41990,Есть в наличии,United States,19/1/2021
21,Ноутбук Acer TravelMate TMB118-M-C6JP C46SUW (NX.VHSER.00A),31990,Есть в наличии,China,28/1/2021
22,Ноутбук Acer Nitro 5 AN515-55 I585SGN (NH.Q7PER.002),93990,Товар на витрине,Peru,23/1/2021
23,Ноутбук HP Europe 15s-fq2039ur (321H7EAACB),53990,Товар на витрине,Croatia,30/1/2021
24,Ноутбук Acer Extensa 15 EX215-52-36GF (NX.EG8ER.01U),43990,Есть в наличии,Canada,4/2/2021
25,Ноутбук Acer Nitro 5 AN515-55-50CH (NH.Q7MER.005),,Нет в наличии,Brazil,16/2/2021
26,Ноутбук Asus Zenbook UM431DA-AM020T R785UW (90NB0PB3-M01810),,Нет в наличии,Azerbaijan,10/2/2021
27,Ноутбук Apple MacBook Air 13″ i5 1.8/8Gb/128SSD Silver (MQD32),,Нет в наличии,United States,23/1/2021
28,Ноутбук Acer Aspire 3 A315-56 I341TUN (NX.HS5ER.00V),,Нет в наличии,Indonesia,16/1/2021
29,Ноутбук Asus Rog Zephyrus GA401I (90NR03I6-M05840),,Нет в наличии,Russia,25/1/2021
30,Ноутбук Lenovo IdeaPad Gaming 3 I781T1SGN (81Y400NTRK),,Нет в наличии,France,28/1/2021
31,Ноутбук Acer Aspire 7 Gaming  A715-75G-701Q (NH.Q87ER.00F),,Нет в наличии,Russia,1/1/2021
32,Ноутбук Acer Swift 1 SF113-31 (NX.GNLER.003),,Нет в наличии,Slovenia,1/1/2021
33,Ноутбук Asus TUF Gaming FX505D (90NR02D1-M12900),,Нет в наличии,Canada,17/1/2021
34,Ноутбук Apple MacBook Air 13″ (2020) i3 1,,Нет в наличии,Thailand,2/1/2021
35,Ультрабук Acer Swift 3 SF314-52 (NX.GNXER.001),,Нет в наличии,Portugal,4/2/2021
36,Ноутбук Acer Swift 3 SF314-57G-59DK I585MW (NX.HUGER.002),,Нет в наличии,China,24/1/2021
37,Ноутбук Apple MacBook Air 13 (MMGF2) A1466 / 2015,,Нет в наличии,Bulgaria,9/1/2021
38,Ультрабук Acer Swift 3 Silver (NX.GNXER.002),,Нет в наличии,Brazil,4/1/2021
39,Ноутбук Asus X540SC-XX015T (90NB0B23-M00260),,Нет в наличии,Indonesia,30/1/2021
40,Нетбук Lenovo S206 GPGRTXE112002G5008EKZ,,Нет в наличии,Brazil,6/1/2021
41,"Ноутбук Apple MacBook Pro 13"" i5 2.3/8/128Gb Space Gray (MPXQ2)",,Нет в наличии,Barbados,16/1/2021
42,Ноутбук Lenovo IP 100S (80R2003LRK),,Нет в наличии,Madagascar,5/2/2021
43,Ноутбук Apple MacBook Pro 13 Retina (MF840RS/A),,Нет в наличии,Brazil,3/1/2021
44,Ноутбук Apple MacBook Pro 13″ i5 2.3/8/128Gb Silver (MPXR2),,Нет в наличии,Peru,6/2/2021
45,Ноутбук Lenovo B5070 (59441688),,Нет в наличии,Norway,26/1/2021
46,Ультрабук Acer Swift 3 Pink (NX.GPJER.004),,Нет в наличии,China,8/2/2021
47,Ноутбук Acer Nitro 5 AN515-44-R329 (NH.Q9GER.006),,Нет в наличии,China,21/1/2021
48,Ноутбук Acer Aspire 3 A315-34 C41TUW (NX.HE3ER.011),,Нет в наличии,Israel,7/2/2021
49,Ноутбук Apple MacBook Air 13″ (2020) i5 1,,Нет в наличии,Botswana,24/1/2021
50,Ноутбук Acer Aspire VN7-591G-54D6,,Нет в наличии,Indonesia,18/1/2021
51,Ноутбук Asus X554LJ-XO961T (90NB08I8-M15940),,Нет в наличии,Indonesia,1/2/2021
52,Ноутбук Acer E15 E5-571G-37MW (NX.MRFER.005),,Нет в наличии,Indonesia,12/1/2021
53,Ноутбук Lenovo G5070 (59438570),,Нет в наличии,France,7/1/2021
54,Ноутбук Lenovo Ideapad 100 (80MJ00GRRK)  (80MJ00RLRK),,Нет в наличии,France,14/2/2021
55,Ноутбук Acer E5-573 (NX.MVHER.006),,Нет в наличии,Philippines,9/1/2021
56,Ноутбук HP 15-ac172ur (P3M62EA),,Нет в наличии,China,13/1/2021
57,Ноутбук Asus E Gaming X571G (90NB0NL1-M11960),,Нет в наличии,Syria,4/2/2021
58,Ноутбук Lenovo G5070 ( 59422649 ),,Нет в наличии,China,15/2/2021
59,Ноутбук Samsung NP350V5C,,Нет в наличии,Indonesia,8/2/2021
60,Ноутбук Lenovo G5080 (80L000J0RK),,Нет в наличии,Sweden,14/2/2021
61,Ноутбук HP 15-af191ur  (P3M48EA),,Нет в наличии,Kazakhstan,29/1/2021
62,Ноутбук Lenovo G5080 (80E502FQRK),,Нет в наличии,Argentina,9/1/2021
63,Ноутбук Acer Extensa,,Нет в наличии,Bosnia and Herzegovina,15/2/2021
64,Ультрабук Apple MacBook Air 13'' i5 1,,Нет в наличии,Chile,15/2/2021
65,Ноутбук Acer E5-573G (NX.MVMER.006),,Нет в наличии,Portugal,16/1/2021
66,Ноутбук Apple MacBook Air 13″ (2020) i3 1,,Нет в наличии,Bolivia,15/2/2021
67,Ноутбук Acer Aspire 3 A315-23G-R029 A85MW (NX.HVRER.00F),,Нет в наличии,Russia,4/2/2021
68,Ноутбук Apple MacBook Pro 13.3″ Touch Bar i5 /8Gb/128GB/ Silver (MUHQ2),,Нет в наличии,Argentina,15/1/2021
69,Ноутбук Asus Laptop 15 X509J (90NB0QE2-M04160),,Нет в наличии,Vietnam,10/1/2021
70,Ноутбук Apple MacBook Air A1465,,Нет в наличии,China,24/1/2021
71,Ноутбук Acer Aspire V13 V3-371 (NX.MPGER.005),,Нет в наличии,France,5/2/2021
72,Ноутбук Lenovo G5080 (80E501YSRK),,Нет в наличии,China,5/1/2021
73,Ноутбук Lenovo IdeaPad 310 (80SM00J8RK),,Нет в наличии,Ireland,14/2/2021
74,Ноутбук Apple MacBook Air 13″ (2020) i3 1,,Нет в наличии,Panama,15/2/2021
75,Ноутбук Asus Laptop 15 M509D A41TUN (90NB0P52-M19090),,Нет в наличии,Canada,22/1/2021
76,Ноутбук Lenovo IdeaPad 5 15IIL05 I342UW (81YK00PKRK),,Нет в наличии,China,27/1/2021
77,Ноутбук Asus TUF Gaming FA506I R585GN (90NR03M2-M04110),,Нет в наличии,Russia,13/2/2021
78,Ноутбук Asus TUF Gaming FX505GT (90NR02M2-M03250),,Нет в наличии,Ireland,17/1/2021
79,Ноутбук Acer Predator Helios 300 PH315-53-53Z7 (NH.Q7YER.007),,Нет в наличии,Russia,6/1/2021
80,"Ноутбук Apple MacBook Pro 16"" i9 2.3/16/1TB SSD Space Grey (MVVK2)",,Нет в наличии,Indonesia,30/1/2021
81,Ноутбук HP Envy 15-j185sr (K7R66EA),,Нет в наличии,Argentina,14/1/2021
82,Ноутбук Lenovo FLEX2 (59422719),,Нет в наличии,Ivory Coast,29/1/2021
83,Ноутбук Asus X552L (90NB04TC-M15220),,Нет в наличии,Japan,10/1/2021
84,Ноутбук Apple MacBook Air 13″ M1 3.2/8Gb/256GB SSD Space Gray (MGN63),,Нет в наличии,Russia,8/2/2021
85,Ноутбук Asus X555LB-XO487T (90NB08G2-M08860),,Нет в наличии,China,25/1/2021
86,Ноутбук HP 15-ac173ur (P3M60EA),,Нет в наличии,Philippines,27/1/2021
87,Ноутбук Acer Swift 3 SF314-58G (NX.HPKER.002),,Нет в наличии,France,4/2/2021
88,Ультрабук Acer Swift 3 Blue (NX.GPLER.008),,Нет в наличии,China,4/2/2021
89,Ноутбук Acer Aspire 3 A315-34 C41TUN (NX.HE3ER.00B),,Нет в наличии,France,14/2/2021
90,Ноутбук Lenovo IdeaPad Gaming 3 I581T1GN (81Y400NWRK),,Нет в наличии,China,15/2/2021
91,Ноутбук Acer Predator Triton 300 PT315-52-58EU (NH.Q7BER.004),,Нет в наличии,Philippines,31/1/2021
92,Ноутбук Acer E5-772G 17,,Нет в наличии,Philippines,12/1/2021
93,Ноутбук Lenovo IdeaPad Gaming 3 I781T1SGN (81Y400NVRK),,Нет в наличии,China,14/2/2021
94,Ноутбук Acer ES1-531 (NX.MZ8ER.017),,Нет в наличии,Poland,7/2/2021
95,Ноутбук Acer Aspire 3 A315-57G-382U I341TMN (NX.HZRER.007),,Нет в наличии,Vietnam,20/1/2021
96,Ноутбук Acer Swift 3 SF314-57-35KA I382UW (NX.HJ7ER.003),,Нет в наличии,Colombia,15/2/2021
97,Ноутбук Lenovo IP 100S (80R2003NRK),,Нет в наличии,China,26/1/2021
98,Ультрабук Asus VivoBook 14 X412FA-EB1219T I342SUW (90NB0L92-M18340),,Нет в наличии,China,3/1/2021
99,"Ноутбук Apple MacBook Pro 16"" Space Grey (MVVJ2)",,Нет в наличии,Syria,15/1/2021
100,Ноутбук Acer ES1-531 15,,Нет в наличии,Thailand,14/1/2021
101,Ноутбук ASUS Vivobook X540SA-XX594T (90NB0B34-M15850) Red,,Нет в наличии,Russia,6/1/2021
102,Ноутбук Asus E Gaming X571G I585SGN (90NB0NL1-M11970),,Нет в наличии,Indonesia,30/1/2021
103,Ультрабук Lenovo IdeaPad 5 14IIL05 (81YH00KFRU),,Нет в наличии,Argentina,14/1/2021
104,Ноутбук Asus Laptops 15 X509J (90NB0QD2-M05690),,Нет в наличии,Ivory Coast,29/1/2021
105,Ноутбук Lenovo Yoga C930-13IKB (81C4007BRK),,Нет в наличии,Japan,10/1/2021
106,Ноутбук Acer Predator Triton 500 PT515-52-73Q8 (NH.Q6YER.005),,Нет в наличии,Russia,8/2/2021
107,Ноутбук Lenovo B5070 (59438221),,Нет в наличии,China,25/1/2021
108,Ноутбук Lenovo G500TEX (59392821),,Нет в наличии,Philippines,27/1/2021
109,Ноутбук Acer E5-532 (NX.MYVER.014),,Нет в наличии,France,4/2/2021
110,Ноутбук Asus Rog G512LW (90NR0391-M02720),,Нет в наличии,China,4/2/2021
111,Ноутбук Lenovo Ideapad 300 (80M300AXRK),,Нет в наличии,France,14/2/2021
112,Ноутбук Lenovo Ideapad S145 V15-IIL I585SUN (82C500FNRK),,Нет в наличии,China,15/2/2021
113,Ноутбук Acer Aspire 3  NX.HEHER.01H,,Нет в наличии,Philippines,31/1/2021
114,Ноутбук Apple MacBook Pro 13″ M1 3.2/8Gb/256GB SSD Space Gray (MYD82),,Нет в наличии,Philippines,12/1/2021
115,Ультрабук Asus S56CM XO230H,,Нет в наличии,China,14/2/2021
116,Ноутбук Asus Rog Strix G512L  (90NR0351-M04890),,Нет в наличии,Poland,7/2/2021
117,Ноутбук Asus X552CL SX127H,,Нет в наличии,Vietnam,20/1/2021
118,Ноутбук Lenovo IdeaPad 110 (80UD00ADRK),,Нет в наличии,Colombia,15/2/2021
119,Ноутбук Asus ROG Zephyrus GX701L (90NR03Q1-M02600),,Нет в наличии,China,26/1/2021
120,"Ноутбук Apple MacBook Pro 16"" i9 2.3/16/1TB SSD Silver (MVVM2)",,Нет в наличии,China,3/1/2021
121,Ноутбук ASUS X540LJ-XX015T (90NB0B11-M00410),,Нет в наличии,Syria,15/1/2021
122,Ноутбук Lenovo B5070 (59438803),,Нет в наличии,Thailand,14/1/2021
123,Ноутбук Acer ENTE69BH,,Нет в наличии,Colombia,15/2/2021
124,Ноутбук Asus X540LA-XX013D/i3 4005U/4GB/500GB/(90NB0B01-M05480),,Нет в наличии,China,26/1/2021
